<?xml version='1.0' encoding='utf-8' standalone='yes' ?>
<map>
    <int name="seekSpotTimeout" value="4" />
    <boolean name="org.telegram.messenger.web_messagingApp" value="true" />
    <int name="pref_cutout_bottom" value="80" />
    <boolean name="prefAnimFirstPop" value="true" />
    <boolean name="prefPopupHideApp" value="true" />
    <string name="prefPopupAutoColorize">0</string>
    <boolean name="prefPopupDouble" value="true" />
    <boolean name="prefUniColor" value="false" />
    <boolean name="log_200132" value="true" />
    <boolean name="prefIgnoreLocked" value="true" />
    <boolean name="prefIgnoreSensitive" value="true" />
    <boolean name="com.mfcloudcalculate.networkdisk_musicApp" value="true" />
    <boolean name="com.tencent.hunyuan.app.chat_messagingApp" value="true" />
    <int name="seekPopupLines" value="6" />
    <boolean name="com.android.bluetooth_messagingApp" value="true" />
    <boolean name="com.android.mms_messagingApp" value="true" />
    <boolean name="tut_4" value="true" />
    <boolean name="bin.mt.plus_messagingApp" value="true" />
    <boolean name="com.miui.newmidrive_messagingApp" value="true" />
    <boolean name="prefHideStatusbar" value="false" />
    <int name="prefAlwaysType" value="2" />
    <int name="pref_cutout_left" value="517" />
    <boolean name="com.android.deskclock_timerApp" value="true" />
    <boolean name="prefGlowScreen" value="true" />
    <boolean name="prefMusicOriginal" value="true" />
    <boolean name="com.android.contacts_callApp" value="true" />
    <int name="seekGlowEdgeScreen" value="60" />
    <boolean name="prefPopupLockscreen" value="false" />
    <boolean name="com.smile.gifmaker_messagingApp" value="true" />
    <boolean name="prefIconApp" value="false" />
    <boolean name="bin.mt.plus_musicApp" value="true" />
    <boolean name="com.tencent.mm_messagingApp" value="true" />
    <boolean name="prefAlwaysOn" value="false" />
    <boolean name="initParamsCutout" value="true" />
    <boolean name="prefShowAll" value="false" />
    <boolean name="com.jamworks.dynamicspot_messagingApp" value="true" />
    <boolean name="com.sina.weibo_messagingApp" value="true" />
    <string name="prefNotifBat">com.jamworks.dynamicspot.ischarging|com.jamworks.dynamicspot.fullcharging|com.jamworks.dynamicspot.lowbattery|com.jamworks.dynamicspot.noconnect|com.jamworks.dynamicspot.blueconnect|com.jamworks.dynamicspot.silent|com.jamworks.dynamicspot.vibrate|com.jamworks.dynamicspot.sound|com.jamworks.dynamicspot.unlock</string>
    <boolean name="com.jingdong.app.mall_messagingApp" value="true" />
    <boolean name="prefActionBg" value="true" />
    <boolean name="prefMusicVisualizer" value="false" />
    <boolean name="prefPopupDismiss" value="true" />
    <boolean name="com.byyoung.setting_messagingApp" value="true" />
    <boolean name="com.xunmeng.pinduoduo_messagingApp" value="true" />
    <boolean name="prefMessageOrder" value="false" />
    <string name="prefPopupPosition">0</string>
    <boolean name="com.byyoung.setting_musicApp" value="true" />
    <string name="prefPopupInterSingle">1</string>
    <boolean name="com.github.android_messagingApp" value="true" />
    <boolean name="com.miui.player_musicApp" value="true" />
    <boolean name="com.tencent.androidqqmail_messagingApp" value="true" />
    <boolean name="ru.uyymgucb.argxvjcvj_messagingApp" value="true" />
    <boolean name="prefPopupDismissSmall" value="false" />
    <boolean name="com.cainiao.wireless_messagingApp" value="true" />
    <boolean name="com.miui.notes_messagingApp" value="true" />
    <boolean name="prefAskDisableOptimize4" value="true" />
    <boolean name="prefPopupAutomaticExpand" value="false" />
    <int name="seekGlowX" value="0" />
    <boolean name="prefPopupHideSystem" value="false" />
    <boolean name="com.mfcloudcalculate.networkdisk_messagingApp" value="true" />
    <int name="seekGlowY" value="5" />
    <boolean name="prefIgnoreDnd" value="false" />
    <int name="seekGlowSizeX" value="0" />
    <int name="seekGlowSizeY" value="-20" />
    <boolean name="com.miui.video_musicApp" value="true" />
    <int name="pref_cutout_right" value="563" />
    <boolean name="prefPopupLandscape" value="false" />
    <boolean name="prefPopupFast" value="true" />
    <boolean name="prefIconNotif" value="false" />
    <boolean name="com.taobao.idlefish_messagingApp" value="true" />
    <long name="prefSettingsAdTime" value="1755167851674" />
    <boolean name="com.tencent.androidqqmail_musicApp" value="true" />
    <int name="prefPopupDefaultColor" value="-16777216" />
    <boolean name="com.tencent.mobileqq_musicApp" value="true" />
    <int name="seekPopupTimeoutNew" value="1" />
    <int name="seekPopupWidth" value="100" />
    <string name="prefPopupInterLong">0</string>
    <boolean name="prefPopupLiveActivity" value="false" />
    <boolean name="com.tencent.mobileqq_messagingApp" value="true" />
    <boolean name="prefPopupHideOutside" value="true" />
    <boolean name="prefHidePro" value="false" />
    <boolean name="100" value="true" />
    <boolean name="prefIconContact" value="true" />
    <boolean name="prefPopupShapeNotch" value="false" />
    <boolean name="com.coolapk.market_messagingApp" value="true" />
    <boolean name="prefPopupLive" value="true" />
    <string name="prefDefaultDialer">com.android.contacts</string>
    <boolean name="com.xiaomi.scanner_messagingApp" value="true" />
    <string name="prefNotifApps">com.mfcloudcalculate.networkdisk|com.m4399.gamecenter|com.byyoung.setting|com.miui.notes|com.cainiao.wireless|com.miui.voiceassist|com.android.contacts|com.android.mms|com.dragon.read|com.hicorenational.antifraud|com.tencent.tmgp.pubgmhd|com.blackshark.aftersaleservice|com.ume.browser.hs|com.blackshark.store|com.blackshark.forum|com.blackshark.discovery|com.miui.calculator|com.mi.health|com.jingdong.app.mall|com.coolapk.market|com.smile.gifmaker|com.android.contacts|com.xczj.dynamiclands|com.android.soundrecorder|com.abilvcha.main|io.github.vvb2060.keyattestation|com.netease.mrzh.m4399|com.xunmeng.pinduoduo|com.miui.screenrecorder|com.mipay.wallet|tmgp.atlas.toolbox|com.android.calendar|com.blackshark.sharkman|com.android.settings|com.android.deskclock|com.miui.securitycenter|com.xayah.databackup.foss|com.tencent.cmocmna|com.tencent.hunyuan.app.chat|com.miui.weather2|com.duokan.phone.remotecontroller|com.sina.weibo|com.tencent.mm|com.google.android.documentsui|com.android.fileexplorer|com.android.providers.downloads.ui|com.miui.gallery|com.android.camera|com.xiaomi.scanner|com.miui.huanji|com.xiaomi.shop|com.miui.video|com.miui.player|com.x1y9.probe|com.tsng.applistdetector|com.blackshark.market|com.blackshark.gamelauncher|com.blackshark.bsamagent|com.miui.compass|com.piggylab.toybox|com.android.thememanager|me.bmax.apatch|icu.nullptr.applistdetector|com.youhu.laifu|com.sevtinge.cemiuiler|com.jamworks.dynamicspot|me.garfieldhan.holmes|com.zhenxi.hunter|ru.uyymgucb.argxvjcvj|luna.safe.luna|io.github.vvb2060.magiskdetector|io.github.huskydg.memorydetector|io.github.vvb2060.mahoshojo|bin.mt.plus|com.reveny.nativecheck|icu.nullptr.nativetest|com.tencent.mobileqq|com.tencent.androidqqmail|io.liankong.riskdetector|com.byxiaorun.detector|org.telegram.messenger.web|mark.via</string>
    <boolean name="prefActionReply" value="true" />
    <boolean name="prefPopupImages" value="true" />
    <boolean name="prefIgnoreOngoing" value="true" />
    <boolean name="prefShowLatest" value="true" />
</map>
