<?xml version='1.0' encoding='utf-8' standalone='yes' ?>
<map>
    <long name="last_upload" value="1745833634400" />
    <long name="first_open_time" value="1745833623523" />
    <string name="gmp_app_id">1:737640464801:android:c96849e13de93aca5a4be0</string>
    <string name="app_instance_id">5cea399123f376e62f1c1e6144ed918a</string>
    <long name="session_id" value="1745833623" />
    <boolean name="app_backgrounded" value="true" />
    <long name="health_monitor:start" value="1745833623557" />
    <boolean name="deferred_analytics_collection" value="false" />
    <string name="previous_os_version">13</string>
    <boolean name="has_been_opened" value="true" />
    <string name="health_monitor:value">2WC118003:Service invalid</string>
    <boolean name="allow_remote_dynamite" value="true" />
    <long name="last_pause_time" value="1745833908508" />
    <long name="midnight_offset" value="42451637" />
    <boolean name="start_new_session" value="false" />
    <long name="health_monitor:count" value="1" />
    <long name="last_upload_attempt" value="0" />
</map>
